method,bpp_target,spa_stego,spa_stego_lo,spa_stego_hi,n_clusters,n_runs,psnr_db,psnr_db_lo,psnr_db_hi,ssim,ssim_lo,ssim_hi,change_rate,change_rate_lo,change_rate_hi,embedding_efficiency,embedding_efficiency_lo,embedding_efficiency_hi,t_embed_s,t_embed_s_lo,t_embed_s_hi,t_extract_s,t_extract_s_lo,t_extract_s_hi
adaptive,0.05,0.01797566660555637,0.01382395181905537,0.023405469438225433,200,600,64.15139076541523,64.14824386398686,64.1544565005336,0.9999756123232701,0.9999711175922688,0.9999793032374419,0.025001004536946578,0.024983361244201623,0.025019163290659546,2.0000380351946005,1.9985892125188436,2.0014510205706064,0.3985194414999887,0.37389294339165585,0.4225899968416733,0.42514307583335414,0.3992825828208424,0.4507143439083862
adaptive,0.1,0.027665333641587412,0.023330436408781415,0.03320916962501592,200,600,61.141563092460636,61.13925715373791,61.14397692266756,0.9999274912976549,0.9999155631643942,0.999937573317762,0.04999568939208981,0.04996791187922156,0.05002222712834672,2.000220314426112,1.9991579944121538,2.0013315733934167,0.42220198466667624,0.3973026551750182,0.4465435364541963,0.44410453383334697,0.4183731933250111,0.46971886824167636
adaptive,0.2,0.05645732002582925,0.05126613384886202,0.06230808008062981,200,600,58.131151949230095,58.129552517829346,58.13271618392765,0.9997735485522958,0.9997415892152779,0.9998022382041762,0.09999291102091468,0.09995686197280881,0.10002973572413124,2.000186687442445,1.9994502185896472,2.000906534454295,0.4498024773333464,0.4241405908250164,0.47456582179585294,0.46893472566666333,0.4437764144666416,0.4931544928708345
adaptive,0.4,0.1443800089739578,0.1356948998290118,0.1531131360029893,200,600,55.12104524960662,55.11994302097969,55.12215385161474,0.9992506692895563,0.9991705164370733,0.9993283523500364,0.19997606277465818,0.19992502133051548,0.20002683766682935,2.0002670891232825,1.9997596438846428,2.000777430569399,0.49171386800002137,0.46492081312918615,0.5175299615166615,0.5098291046666585,0.4833681869333388,0.5359862648166716
adaptive-matching,0.05,0.01499777732281876,0.010994628504423417,0.020395627687960022,200,600,64.15385036688483,64.15108247724586,64.15657917509319,0.999975553898176,0.9999709879257446,0.9999793022887166,0.02498682657877601,0.024971122105916305,0.02500277868906653,2.001169297469981,1.9998912191453986,2.002428476111338,0.42128524299997183,0.39833352936245336,0.4440645035708231,0.4342455491666427,0.4100025872499966,0.45767887654165856
adaptive-matching,0.1,0.019149198535547834,0.015065629888374843,0.024519964275909193,200,600,61.14207682599919,61.13992485444588,61.14425471759073,0.9999272309816442,0.9999150505296669,0.9999377156728384,0.0499897193908691,0.04996465047200518,0.05001451015472408,2.000454670846037,1.9994634352349936,2.0014574105542815,0.4221158901666771,0.39888883288336796,0.44457286278334107,0.42793066333332413,0.4036514874333449,0.4518139729499869
adaptive-matching,0.2,0.03310941023288136,0.028735896553724567,0.03852502968184598,200,600,58.13095183488405,58.129452645799226,58.13246279686242,0.9997722887119713,0.9997418763329998,0.9998016527771472,0.09999755859374997,0.09996274296442663,0.10003213961919145,2.0000953281293246,1.9994054170083775,2.000790657656995,0.4049600438333315,0.3823095052375007,0.42725528024170967,0.40914458600002945,0.3854315827625191,0.4325010281625261
adaptive-matching,0.4,0.07957785065443085,0.07368060316840763,0.08595042106635793,200,600,55.12055146415039,55.119518234560445,55.1215800779486,0.9992466933099187,0.9991627767606501,0.9993257261287539,0.19999872207641595,0.19995136213302608,0.20004631217320756,2.000038888631678,1.9995628721984544,2.000512277446728,0.39150827083332684,0.3666359739583041,0.41631087558750013,0.3836117964999767,0.3581125254249642,0.40860169093333903
edge,0.05,0.01679734531931286,0.012701017156421949,0.022312765447560588,200,600,64.15120806898258,64.14838092719307,64.15404645088054,0.9999700945928788,0.9999651461937509,0.9999743723742943,0.025002028147379517,0.02498571364084876,0.025018285433451297,1.999951754174021,1.9986489006725994,2.001259373790041,0.038381435166676615,0.03650180568337066,0.04027889287500142,0.037137827166657145,0.035314656049984315,0.038980039420801284
edge,0.1,0.02452828742851893,0.02013368258932154,0.030273798316355027,200,600,61.14081817899467,61.138662052568655,61.14300492045042,0.9999120570526213,0.999899632907334,0.9999235706766427,0.05000424067179358,0.049979050318400026,0.05002909390131628,1.999876254621443,1.998884476982414,2.0008840742950578,0.04320115349998403,0.041008926187497706,0.04532342862915435,0.04256836050001306,0.0403837988583325,0.044685970554171735
edge,0.2,0.049620035873350454,0.044609488300899704,0.05566219623331216,200,600,58.130062816666886,58.12859772601215,58.13151909836148,0.9997341045073176,0.999701431867618,0.9997638845989406,0.10001791636149086,0.09998442284266149,0.10005168946584062,1.9996836551569617,1.9990096992756095,2.0003542500975158,0.055645464666666415,0.05308738249164494,0.05820845314583917,0.05591431983333825,0.053335943416652064,0.058490831437496345
edge,0.4,0.13338422640653788,0.1253549488604282,0.14205537902079837,200,600,55.11951697246087,55.11847307646729,55.12056900147425,0.999165597135468,0.9990849513004483,0.9992423261453798,0.2000463549296061,0.19999786949157713,0.20009448003768918,1.999562406191645,1.999082219793049,2.0000468681145187,0.10051344750000979,0.09438273142917046,0.10683422847916017,0.10986479399999396,0.10267918617501116,0.11722994313749253
matching,0.05,0.01661818203401189,0.012158175030978054,0.022305877786910906,200,600,64.15054484500367,64.14752784558735,64.1535856672237,0.9997949389722223,0.9997853016050328,0.9998046756607454,0.0250058555603027,0.024988352298736534,0.02502320655186967,1.999647065439996,1.9982625719685032,2.001046042475665,0.019725800833320997,0.018726159049982153,0.020712777875009074,0.017448768999982604,0.016569121691673017,0.01836219278744904
matching,0.1,0.019852208657223997,0.014855240920529998,0.02605109641121953,200,600,61.141830410582926,61.139490952486625,61.14419065968431,0.999590264291804,0.9995704774020424,0.9996099541428616,0.049992663065592406,0.04996550210316972,0.05001962788899736,2.0003454670051974,1.9992668656354131,2.001432524745588,0.02387043833333332,0.022733419966675366,0.025053990170811846,0.01986375116665836,0.018990716920798102,0.02076419902084713
matching,0.2,0.026282241964882963,0.01969298892949857,0.03402459003564485,200,600,58.130698768912225,58.12908517221377,58.13234179913104,0.9991817981961426,0.9991416196646817,0.9992215639397886,0.10000345230102535,0.09996564706166582,0.10004058869679765,1.9999801085999585,1.999237402230161,2.0007357947488784,0.030577863333299576,0.029232457949947336,0.031901259774995604,0.02587737199999078,0.024598806666655138,0.027157337591671563
matching,0.4,0.038309368627964524,0.02793694015987081,0.04952146578651728,200,600,55.12023627114962,55.119141635181485,55.121312273509524,0.9983688613930306,0.9982883701525286,0.9984478211552756,0.20001333236694332,0.19996379152933752,0.2000638600985209,1.9998946848250971,1.9993903812333873,2.000390260302202,0.05582090116667279,0.05298347634167634,0.058659256520827936,0.04878850366666782,0.045845928354171665,0.051713887666654114
random,0.05,0.05970697016688779,0.05555472105236739,0.06491998226803361,200,600,64.15054484500367,64.1475140801183,64.15350890329952,0.9997949470642767,0.9997849131227536,0.9998050928065043,0.0250058555603027,0.024988790988922083,0.025023289203643762,1.999647065439996,1.99825130902834,2.001011435773064,0.01771405100001625,0.016771750062523957,0.018690967274983244,0.01594946883333397,0.0151563469375001,0.016759416283333575
random,0.1,0.10940090421874041,0.1055080174854036,0.11444919648312071,200,600,61.141830410582926,61.13947493478347,61.14414689124944,0.9995902905106503,0.9995709387245207,0.9996101241065157,0.049992663065592406,0.04996599785486853,0.05001975520451859,2.0003454670051974,1.9992593793334064,2.0014124571196774,0.02041243583331223,0.019393904995830276,0.021449302854159847,0.01880496883333606,0.01793064599584616,0.019680267383325553
random,0.2,0.20831958896166072,0.2048023827599144,0.21288063192144202,200,600,58.130698768912225,58.129097289098276,58.13235589470172,0.9991819087529977,0.9991414709665719,0.9992211514294159,0.10000345230102535,0.09996529054641717,0.10004033486048378,1.9999801085999585,1.9992438834244795,2.0007429351630934,0.025563491666665213,0.024364212075017908,0.02681122522915949,0.024749707833307134,0.02354967838327198,0.025921826633319354
random,0.4,0.40591142365957483,0.4032159438480151,0.4093707281217627,200,600,55.12023627114962,55.11915266576932,55.121314507946714,0.9983693143544489,0.9982847901329126,0.998448310246836,0.20001333236694332,0.19996372016270947,0.20006321605046587,1.9998946848250971,1.9993956006827431,2.000391346508667,0.0446753734999765,0.04222369851247647,0.04710954256248244,0.04624999049998977,0.043458542049971155,0.04904539759168247
sequential,0.05,0.07488218750794073,0.06947858376685936,0.08091428795534494,200,600,64.15261427214134,64.14936046013322,64.1558647891746,0.9997274487998351,0.9997137378087179,0.9997413854624546,0.024994017283121707,0.02497526741027828,0.02501274140675859,2.000606048967496,1.9991090576795665,2.00209999030404,0.0007214920000053784,0.0006228357624929522,0.0008412497958344021,0.0003089311666613978,0.00024926389581407624,0.00040030251668556933
sequential,0.1,0.13902732105355653,0.13121032344216954,0.14736623417825703,200,600,61.142321092453,61.14006285257607,61.14448624489872,0.9994628232907143,0.9994355646117654,0.9994908763871673,0.04998689651489254,0.04996198002497351,0.05001294453938798,2.0005667440645816,1.999527630293503,2.0015670623653707,0.0008724304999956197,0.0007471876916564407,0.001026869254181017,0.0004391241666704565,0.00034129122084617557,0.0005679183916849101
sequential,0.2,0.2596999844033788,0.247234204948537,0.272400682659792,200,600,58.13014042184264,58.12854218454704,58.1317394512334,0.9989679214248994,0.9989144551928195,0.9990226374825812,0.10001625061035152,0.09997940667470293,0.1000530565579732,1.9997218197377293,1.99898726201098,2.0004582908556325,0.0014899204999998003,0.0012734200624964329,0.0017512361625223226,0.0005630553333351391,0.00047764314584191464,0.0006708990749969984
sequential,0.4,0.4630182966439667,0.445117437512336,0.4810014490074304,200,600,55.12039358785526,55.119224830536005,55.12157262451368,0.9981358506870882,0.9980393846241173,0.9982311818977705,0.20000607808430984,0.19995180670420326,0.20005999326705926,1.9999670364117623,1.999429073234469,2.000510023326404,0.0027131596666534084,0.0024720387874667604,0.0029748319958340028,0.0010796360000054962,0.0009658284708278362,0.001222309341657618
stc,0.05,0.013586426822340876,0.009584568404475375,0.018965251952363232,200,600,68.09399750125581,68.05004859564117,68.13710844925158,0.9999571540613528,0.9999534715879616,0.9999606759730513,0.010112895965576135,0.010010206858317017,0.01021867100397742,4.970981807222157,4.921778731396028,5.019975742738874,3.417329011833326,3.379825482283314,3.455474208254176,0.10137466550000374,0.0990222006875168,0.103907610566658
stc,0.1,0.014245056020816927,0.01035718690138054,0.019550283795515117,200,600,64.85294718795858,64.81637892541819,64.88720738273224,0.9998872552942624,0.9998790104489265,0.9998952043224933,0.021307868957519495,0.021137331008911096,0.021490043322245245,4.709212872644859,4.670251437236923,4.746163013150492,3.408770419333332,3.3712548939458427,3.446448187216671,0.09706609183333356,0.09510542301666347,0.09913505309166996
stc,0.2,0.016398961291541687,0.012186572368349866,0.02186976825975933,200,600,61.493031567870815,61.46539126003973,61.520925064470674,0.9997129682718122,0.9996944460113345,0.999730375222482,0.046158237457275354,0.04586164331436154,0.046456698099772105,4.3423140976801555,4.314865890151354,4.3698725824453915,3.606853496333324,3.5628548895208154,3.648399962916684,0.09620759116666548,0.0944796155291444,0.0980010653500056
stc,0.4,0.02321578185461015,0.017595215440625527,0.029538557946560687,200,600,57.88935975485782,57.868228658540545,57.91037351587331,0.9992635838986047,0.9992212396042829,0.9993044148078218,0.10578015645345049,0.10526393254597978,0.10629650290807086,3.7859462564543764,3.7677224959392803,3.8041007000696467,4.018643561666651,3.9664586565124753,4.0659970892500095,0.09618458399996896,0.09444964148747155,0.09790679914161395
uniward,0.05,0.013524673835500293,0.009499969747246947,0.019032903093268872,200,600,69.0988659213469,69.06925006387763,69.12923144647927,0.9999553031181122,0.9999523040624624,0.9999581938660587,0.008012148539225222,0.007955760320027632,0.008067647139231327,6.256301731740588,6.2139547789318526,6.299669626389761,3.1600353803333427,3.1054512652750175,3.2088922263875004,0.09200781900002308,0.09033243185001835,0.09353191174168617
uniward,0.1,0.013950504352239277,0.009951595992434724,0.019110465003152968,200,600,65.76861579031686,65.74678449001286,65.79047897894247,0.9998883645484352,0.999881687703316,0.9998951147764662,0.017238686879475874,0.017150877157847046,0.017326533794403035,5.808390151487439,5.779427693962576,5.837405049040986,3.2738871829999936,3.215041859674971,3.324969728758312,0.09245211583331331,0.09072432339997454,0.09401922362915252
uniward,0.2,0.016730989757369988,0.012350393591076345,0.022186333236164715,200,600,62.248400185699666,62.23413729885942,62.26274125571931,0.9997224796324176,0.9997072238983968,0.9997373095404399,0.03875851313273108,0.03862962992986039,0.03888763046264645,5.163168361230452,5.146486513766335,5.180059570071596,3.4720572105000063,3.408610331504199,3.527129584266661,0.09082977700000047,0.0890904176874745,0.09244178827917297
uniward,0.4,0.02344962739794336,0.017458298101122677,0.030212941876209834,200,600,58.43093657213247,58.42208083094999,58.439435507223266,0.9992897918845617,0.999252916838126,0.9993263486323317,0.09333238601684567,0.09314813502629594,0.09352476342519121,4.286670584168297,4.278032214195734,4.295028792285531,3.8925117796666893,3.8163962591791796,3.962135204441692,0.0974678130000211,0.09469436181252917,0.10009856247086307
wow,0.05,0.013268352410808402,0.009338775151934037,0.018492932099313058,200,600,68.42512803989408,68.3790554459968,68.47251240240789,0.9999554065898107,0.9999522616778237,0.9999585241045443,0.009373200734456345,0.009270310401916466,0.009474099953969283,5.366677076092353,5.310367640977783,5.425385169167405,3.1833456571666994,3.1340865178875448,3.228901117458373,0.09178905750001069,0.0900840446958362,0.09344134922918226
wow,0.1,0.013912446073351842,0.009911731074856503,0.019141880534424505,200,600,65.23823667509494,65.20216422983499,65.27491487135148,0.9998873465414445,0.9998804545611202,0.9998942481506756,0.01950128555297848,0.019336719195047977,0.019664931933085085,5.146798248851773,5.104587222900476,5.190055822190216,3.294507627333334,3.2386775327625057,3.342565179816664,0.09219524616663871,0.09055271730830901,0.09368623418331931
wow,0.2,0.016511731723275472,0.012258687565685584,0.02196207188906106,200,600,61.87445027570471,61.846875812936744,61.90174186621357,0.9997190099078677,0.9997028913723242,0.999734660534364,0.042275695800781214,0.04200800625483191,0.042545832316080695,4.7407694188708795,4.7109261497279835,4.770432763113686,3.5218221305000013,3.461785666454176,3.5757037891041787,0.0934235254999945,0.09175868670418244,0.09494596342501256
wow,0.4,0.02292372545007506,0.017117694521770425,0.02983858449839411,200,600,58.200031287288596,58.18100078279825,58.21917239863667,0.9992832914851911,0.9992449936145755,0.9993212070481073,0.09846914291381832,0.09803811025619504,0.09890250746409096,4.066376992043656,4.048574854015164,4.08437843403042,3.9524265385000126,3.8831632183958678,4.013271153345848,0.09367853433335156,0.09201068057503417,0.0952129135541716
